Timestamp,User Count,Type,Name,Requests/s,Failures/s,50%,66%,75%,80%,90%,95%,98%,99%,99.9%,99.99%,100%,Total Request Count,Total Failure Count,Total Median Response Time,Total Average Response Time,Total Min Response Time,Total Max Response Time,Total Average Content Size
1770302729,0,,Aggregated,0.000000,0.000000,N/A,N/A,N/A,N/A,N/A,N/A,N/A,N/A,N/A,N/A,N/A,0,0,0,0.0,0,0,0
1770302730,5,GET,GET /,0.000000,0.000000,0,0,0,0,0,0,0,0,0,0,0,5,0,17,17.712720000054105,14.03310000023339,23.39399999982561,235.0
1770302730,5,GET,GET /download/{zip},0.000000,0.000000,0,0,0,0,0,0,0,0,0,0,0,5,0,20,20.42701999998826,18.35929999970176,23.335100000167586,224.0
1770302730,5,POST,POST /upload,0.000000,0.000000,0,0,0,0,0,0,0,0,0,0,0,5,0,48,48.155080000105954,46.60390000026382,49.25920000005135,98.0
1770302730,5,,Aggregated,0.000000,0.000000,0,0,0,0,0,0,0,0,0,0,0,15,0,21,28.76494000004944,14.03310000023339,49.25920000005135,185.66666666666666
1770302731,10,GET,GET /,0.000000,0.000000,8,8,8,9,9,9,9,9,9,9,9,10,0,9,12.965669999994134,6.384299999808718,23.39399999982561,235.0
1770302731,10,GET,GET /download/{zip},0.000000,0.000000,4,4,4,8,8,8,8,8,8,8,8,10,0,8,12.4355899999955,3.239799999846582,23.335100000167586,224.0
1770302731,10,POST,POST /upload,0.000000,0.000000,49,50,50,51,51,51,51,51,51,51,51,10,0,48,48.223620000089795,45.23380000000543,50.69779999985258,98.0
1770302731,10,,Aggregated,0.000000,0.000000,8,9,47,49,50,51,51,51,51,51,51,30,0,19,24.541626666693144,3.239799999846582,50.69779999985258,185.66666666666666
1770302732,15,GET,GET /,5.000000,0.000000,7,8,8,9,9,9,9,9,9,9,9,20,0,8,9.237724999979946,1.5104999997674895,23.39399999982561,235.0
1770302732,15,GET,GET /download/{zip},5.000000,0.000000,4,4,5,6,8,8,8,8,8,8,8,20,0,4,8.292260000007445,2.183300000069721,23.335100000167586,224.0
1770302732,15,POST,POST /upload,5.000000,0.000000,45,47,48,49,50,51,51,51,51,51,51,20,0,47,46.864510000023074,43.8240999997106,50.69779999985258,98.0
1770302732,15,,Aggregated,15.000000,0.000000,8,9,45,45,47,49,51,51,51,51,51,60,0,9,21.464831666670154,1.5104999997674895,50.69779999985258,185.66666666666666
1770302733,25,GET,GET /,5.000000,0.000000,7,8,8,9,9,12,13,13,13,13,13,29,0,8,8.38712068961568,1.5104999997674895,23.39399999982561,235.0
1770302733,25,GET,GET /download/{zip},5.000000,0.000000,4,5,6,8,9,9,10,10,10,10,10,29,0,5,7.451479310397001,2.183300000069721,23.335100000167586,224.0
1770302733,25,POST,POST /upload,5.000000,0.000000,46,47,48,49,50,50,51,51,51,51,51,29,0,47,46.69713448278156,43.77460000023348,50.69779999985258,98.0
1770302733,25,,Aggregated,15.000000,0.000000,8,13,45,45,47,49,50,51,51,51,51,87,0,9,20.84524482759808,1.5104999997674895,50.69779999985258,185.66666666666666
1770302734,30,GET,GET /,5.666667,0.000000,7,8,9,9,11,13,14,14,14,14,14,39,0,8,7.771376923044907,1.5104999997674895,23.39399999982561,235.0
1770302734,30,GET,GET /download/{zip},5.666667,0.000000,4,5,6,7,8,9,10,10,10,10,10,39,0,4,6.582548717979546,1.7705000000205473,23.335100000167586,224.0
1770302734,30,POST,POST /upload,5.666667,0.000000,46,47,48,49,50,50,51,51,51,51,51,39,0,46,46.701394871807004,43.77460000023348,50.69779999985258,98.0
1770302734,30,,Aggregated,17.000000,0.000000,8,14,45,46,47,49,50,50,51,51,51,117,0,9,20.35177350427715,1.5104999997674895,50.69779999985258,185.66666666666666
1770302735,35,GET,GET /,7.000000,0.000000,6,8,8,9,10,12,14,14,14,14,14,53,0,6,6.898281132060151,1.5104999997674895,23.39399999982561,235.0
1770302735,35,GET,GET /download/{zip},7.000000,0.000000,3,4,5,5,8,9,10,10,10,10,10,53,0,4,5.5784396226868616,1.6723000003366906,23.335100000167586,224.0
1770302735,35,POST,POST /upload,7.000000,0.000000,46,47,48,48,50,50,51,51,51,51,51,53,0,46,46.51721132075799,43.24369999994815,50.69779999985258,98.0
1770302735,35,,Aggregated,21.000000,0.000000,7,14,45,45,47,49,50,50,51,51,51,159,0,8,19.664644025168332,1.5104999997674895,50.69779999985258,185.66666666666666
1770302736,40,GET,GET /,7.000000,0.000000,4,7,8,9,10,12,13,14,14,14,14,67,0,6,6.521464179099691,1.5064999997775885,23.39399999982561,235.0
1770302736,40,GET,GET /download/{zip},6.800000,0.000000,3,4,5,5,7,8,9,10,10,10,10,67,0,3,5.099326865703589,1.4912999999978638,23.335100000167586,224.0
1770302736,40,POST,POST /upload,6.800000,0.000000,46,47,47,48,50,50,50,51,51,51,51,67,0,46,46.38783432836868,42.89680000010776,50.69779999985258,98.0
1770302736,40,,Aggregated,20.600000,0.000000,7,13,45,45,47,49,50,50,51,51,51,201,0,8,19.336208457723988,1.4912999999978638,50.69779999985258,185.66666666666666
1770302737,45,GET,GET /,8.000000,0.000000,4,7,8,8,10,12,13,14,14,14,14,85,0,4,6.03488470586158,1.5064999997775885,23.39399999982561,235.0
1770302737,45,GET,GET /download/{zip},8.000000,0.000000,3,4,5,5,7,8,9,10,10,10,10,85,0,3,4.7544211764997115,1.4912999999978638,23.335100000167586,224.0
1770302737,45,POST,POST /upload,8.000000,0.000000,46,47,48,48,50,50,50,51,51,51,51,85,0,46,46.4185105882547,42.686500000399974,50.69779999985258,98.0
1770302737,45,,Aggregated,24.000000,0.000000,7,13,45,45,47,49,50,50,51,51,51,255,0,7,19.069272156871996,1.4912999999978638,50.69779999985258,185.66666666666666
1770302738,50,GET,GET /,8.714286,0.000000,4,7,8,8,10,12,13,14,14,14,14,97,0,4,6.000663917507389,1.5064999997775885,23.39399999982561,235.0
1770302738,50,GET,GET /download/{zip},8.714286,0.000000,3,4,4,5,6,8,9,10,10,10,10,97,0,3,4.483001030949549,1.4912999999978638,23.335100000167586,224.0
1770302738,50,POST,POST /upload,8.714286,0.000000,46,47,47,48,49,50,51,51,51,51,51,97,0,46,46.330895876297326,42.686500000399974,50.69779999985258,98.0
1770302738,50,,Aggregated,26.142857,0.000000,6,13,45,45,47,49,50,50,51,51,51,291,0,7,18.938186941584757,1.4912999999978638,50.69779999985258,185.66666666666666
1770302739,55,GET,GET /,9.375000,0.000000,3,7,8,8,11,12,13,13,14,14,14,119,0,4,5.726809243689419,1.5064999997775885,23.39399999982561,235.0
1770302739,55,GET,GET /download/{zip},9.250000,0.000000,3,4,5,5,6,8,9,9,10,10,10,117,0,3,4.314473504288418,1.4912999999978638,23.335100000167586,224.0
1770302739,55,POST,POST /upload,9.250000,0.000000,46,47,48,48,50,59,62,62,63,63,63,117,0,46,46.93400000001525,42.39509999979418,63.09469999996509,98.0
1770302739,55,,Aggregated,27.875000,0.000000,6,13,45,45,47,49,51,62,63,63,63,353,0,7,18.916605382443542,1.4912999999978638,63.09469999996509,185.94617563739376
1770302740,60,GET,GET /,10.444444,0.000000,3,6,7,8,10,12,13,13,14,14,14,142,0,3,5.441618309846554,1.216999999996915,23.39399999982561,235.0
1770302740,60,GET,GET /download/{zip},10.444444,0.000000,3,4,4,5,6,7,9,9,10,10,10,138,0,3,4.092564492760874,1.4912999999978638,23.335100000167586,224.0
1770302740,60,POST,POST /upload,10.444444,0.000000,46,47,47,48,50,51,62,62,63,63,63,138,0,46,46.66527971014899,42.39509999979418,63.09469999996509,98.0
1770302740,60,,Aggregated,31.333333,0.000000,5,13,45,45,47,48,50,62,63,63,63,418,0,6,18.60596244019084,1.216999999996915,63.09469999996509,186.13875598086125
1770302741,65,GET,GET /,10.800000,0.000000,3,5,7,7,10,12,13,13,14,14,14,162,0,3,5.2943456790015055,1.216999999996915,23.39399999982561,235.0
1770302741,65,GET,GET /download/{zip},10.600000,0.000000,3,4,4,5,6,7,9,9,10,10,10,162,0,3,4.066254938278588,1.4912999999978638,23.335100000167586,224.0
1770302741,65,POST,POST /upload,10.600000,0.000000,46,46,47,48,49,50,62,62,63,63,63,162,0,46,46.51818271605003,42.39509999979418,63.09469999996509,98.0
1770302741,65,,Aggregated,32.000000,0.000000,5,13,45,45,47,48,50,61,63,63,63,486,0,6,18.62626111111004,1.216999999996915,63.09469999996509,185.66666666666666
1770302742,70,GET,GET /,12.500000,0.000000,3,4,7,7,10,11,12,13,14,14,14,186,0,3,5.116470967736223,1.216999999996915,23.39399999982561,235.0
1770302742,70,GET,GET /download/{zip},12.400000,0.000000,3,3,4,4,5,7,7,8,8,8,8,185,0,3,3.824172972975715,1.4651999999841792,23.335100000167586,224.0
1770302742,70,POST,POST /upload,12.400000,0.000000,46,46,47,47,49,50,62,62,63,63,63,186,0,46,46.30124892473368,42.319099999986065,63.09469999996509,98.0
1770302742,70,,Aggregated,37.300000,0.000000,4,13,44,45,47,48,50,61,63,63,63,557,0,5,18.440157809694632,1.216999999996915,63.09469999996509,185.59784560143626
1770302743,75,GET,GET /,14.300000,0.000000,3,4,6,7,10,11,12,13,13,13,13,213,0,3,4.964630046939385,1.216999999996915,23.39399999982561,235.0
1770302743,75,GET,GET /download/{zip},14.300000,0.000000,3,3,4,4,5,6,7,8,8,8,8,212,0,3,3.788575000005537,1.4651999999841792,23.335100000167586,224.0
1770302743,75,POST,POST /upload,14.300000,0.000000,46,46,47,47,49,50,62,62,63,63,63,212,0,46,46.27350566037644,42.319099999986065,63.09469999996509,98.0
1770302743,75,,Aggregated,42.900000,0.000000,4,12,44,45,47,48,50,59,63,63,63,637,0,5,18.32123594976306,1.216999999996915,63.09469999996509,185.7441130298273
1770302744,80,GET,GET /,15.800000,0.000000,3,3,5,7,10,11,12,13,13,13,13,245,0,3,4.787826530611376,1.216999999996915,23.39399999982561,235.0
1770302744,80,GET,GET /download/{zip},15.600000,0.000000,3,3,4,4,5,6,7,8,8,8,8,245,0,3,3.708236326537542,1.4651999999841792,23.335100000167586,224.0
1770302744,80,POST,POST /upload,15.600000,0.000000,46,47,47,47,49,50,62,62,63,63,63,245,0,46,46.26087755102849,42.319099999986065,63.09469999996509,98.0
1770302744,80,,Aggregated,47.000000,0.000000,4,12,44,45,47,48,49,59,63,63,63,735,0,5,18.25231346939247,1.216999999996915,63.09469999996509,185.66666666666666
1770302745,85,GET,GET /,17.100000,0.000000,3,3,4,7,9,11,12,12,13,13,13,267,0,3,4.698196629208959,1.216999999996915,23.39399999982561,235.0
1770302745,85,GET,GET /download/{zip},17.000000,0.000000,3,3,4,4,5,7,8,8,9,9,9,267,0,3,3.724061048700271,1.4651999999841792,23.335100000167586,224.0
1770302745,85,POST,POST /upload,17.000000,0.000000,46,47,47,47,49,50,61,62,63,63,63,267,0,46,46.220313857688794,42.319099999986065,63.09469999996509,98.0
1770302745,85,,Aggregated,51.100000,0.000000,4,12,44,45,47,48,49,53,63,63,63,801,0,5,18.214190511866008,1.216999999996915,63.09469999996509,185.66666666666666
1770302746,90,GET,GET /,19.300000,0.000000,3,3,4,6,10,11,12,12,13,13,13,296,0,3,4.645186486483011,1.2059999999110005,23.39399999982561,235.0
1770302746,90,GET,GET /download/{zip},19.300000,0.000000,3,3,4,4,5,7,8,8,9,9,9,294,0,3,3.67788809524823,1.4651999999841792,23.335100000167586,224.0
1770302746,90,POST,POST /upload,19.400000,0.000000,46,46,47,47,48,49,61,62,63,63,63,294,0,46,46.15748333334319,42.319099999986065,63.09469999996509,98.0
1770302746,90,,Aggregated,58.000000,0.000000,4,12,44,45,47,47,49,53,63,63,63,884,0,5,18.12960904977924,1.2059999999110005,63.09469999996509,185.77828054298644
1770302747,95,GET,GET /,20.700000,0.000000,3,3,4,5,9,11,12,12,13,13,13,335,0,3,4.519445671630548,1.186199999665405,23.39399999982561,235.0
1770302747,95,GET,GET /download/{zip},20.700000,0.000000,3,3,4,5,6,7,8,9,10,10,10,335,0,3,3.654281194040275,1.407799999924464,23.335100000167586,224.0
1770302747,95,POST,POST /upload,20.700000,0.000000,46,46,47,47,48,49,61,62,63,63,63,335,0,46,46.11524955224475,42.319099999986065,63.09469999996509,98.0
1770302747,95,,Aggregated,62.100000,0.000000,4,12,44,45,47,47,49,51,63,63,63,1005,0,5,18.096325472638522,1.186199999665405,63.09469999996509,185.66666666666666
1770302748,100,GET,GET /,22.100000,0.000000,3,3,4,5,9,11,12,13,15,15,15,372,0,3,4.493391935471341,1.186199999665405,23.39399999982561,235.0
1770302748,100,GET,GET /download/{zip},21.900000,0.000000,3,3,4,5,5,7,8,9,10,10,10,370,0,3,3.6376591891980383,1.407799999924464,23.335100000167586,224.0
1770302748,100,POST,POST /upload,21.900000,0.000000,46,46,47,47,48,49,51,53,56,56,56,370,0,46,46.133877297307734,42.319099999986065,63.09469999996509,98.0
1770302748,100,,Aggregated,65.900000,0.000000,4,12,44,45,47,47,49,51,56,56,56,1112,0,5,18.063858183455462,1.186199999665405,63.09469999996509,185.75539568345323
1770302749,105,GET,GET /,24.300000,0.000000,3,3,4,4,9,11,12,13,15,15,15,404,0,3,4.440434158407985,1.186199999665405,23.39399999982561,235.0
1770302749,105,GET,GET /download/{zip},24.300000,0.000000,3,3,4,4,5,7,8,9,10,10,10,403,0,3,3.590685856087527,1.407799999924464,23.335100000167586,224.0
1770302749,105,POST,POST /upload,24.300000,0.000000,46,46,47,47,48,50,51,53,56,56,56,403,0,46,46.13841017370812,42.319099999986065,63.09469999996509,98.0
1770302749,105,,Aggregated,72.900000,0.000000,4,12,44,45,47,47,49,51,56,56,56,1210,0,4,18.04525710744171,1.186199999665405,63.09469999996509,185.70743801652893
1770302750,110,GET,GET /,25.400000,0.000000,3,3,3,4,9,11,12,13,15,15,15,443,0,3,4.362375395030376,1.186199999665405,23.39399999982561,235.0
1770302750,110,GET,GET /download/{zip},25.400000,0.000000,3,3,4,4,5,6,8,9,10,10,10,442,0,3,3.5322375565659168,1.407799999924464,23.335100000167586,224.0
1770302750,110,POST,POST /upload,25.400000,0.000000,46,46,47,47,48,49,51,53,56,56,56,443,0,46,46.07213227991944,42.319099999986065,63.09469999996509,98.0
1770302750,110,,Aggregated,76.200000,0.000000,4,12,44,45,47,48,49,51,56,56,56,1328,0,4,17.999801129521764,1.186199999665405,63.09469999996509,185.63780120481928
1770302751,115,GET,GET /,27.700000,0.000000,3,3,4,4,9,11,12,13,15,15,15,490,0,3,4.326212040814426,1.186199999665405,23.39399999982561,235.0
1770302751,115,GET,GET /download/{zip},27.800000,0.000000,3,4,4,5,5,7,8,9,10,10,10,488,0,3,3.610319262300615,1.407799999924464,23.335100000167586,224.0
1770302751,115,POST,POST /upload,27.800000,0.000000,46,47,47,47,48,50,51,52,56,56,56,488,0,46,46.128546926237895,42.319099999986065,63.09469999996509,98.0
1770302751,115,,Aggregated,83.300000,0.000000,4,12,45,45,47,48,50,51,56,56,56,1466,0,4,18.00300859481982,1.186199999665405,63.09469999996509,185.73396998635744
1770302752,120,GET,GET /,29.000000,0.000000,3,3,4,4,9,11,12,13,16,16,16,530,0,3,4.308625849052816,1.186199999665405,23.39399999982561,235.0
1770302752,120,GET,GET /download/{zip},29.100000,0.000000,3,3,4,4,5,7,8,10,16,16,16,528,0,3,3.587929924247929,1.407799999924464,23.335100000167586,224.0
1770302752,120,POST,POST /upload,29.100000,0.000000,46,47,47,47,49,50,51,53,71,71,71,528,0,46,46.192465151523436,42.319099999986065,70.58779999988474,98.0
1770302752,120,,Aggregated,87.200000,0.000000,4,13,45,45,47,48,50,51,71,71,71,1586,0,4,18.01237093316852,1.186199999665405,70.58779999988474,185.72887767969735
1770302753,125,GET,GET /,30.000000,0.000000,3,3,4,4,9,11,13,13,16,16,16,574,0,3,4.236449303135813,1.186199999665405,23.39399999982561,235.0
1770302753,125,GET,GET /download/{zip},29.900000,0.000000,3,4,4,5,6,7,9,10,16,16,16,574,0,3,3.6015205574951725,1.394700000219018,23.335100000167586,224.0
1770302753,125,POST,POST /upload,29.900000,0.000000,46,46,47,47,49,50,51,53,71,71,71,574,0,46,46.161553484324614,42.319099999986065,70.58779999988474,98.0
1770302753,125,,Aggregated,89.800000,0.000000,4,13,44,45,47,48,50,51,68,71,71,1722,0,4,17.9998411149852,1.186199999665405,70.58779999988474,185.66666666666666
1770302754,130,GET,GET /,33.200000,0.000000,3,3,4,4,9,11,12,13,16,16,16,617,0,3,4.183939384115304,1.186199999665405,23.39399999982561,235.0
1770302754,130,GET,GET /download/{zip},33.200000,0.000000,3,3,4,4,5,7,9,10,16,16,16,613,0,3,3.569275530185557,1.394700000219018,23.335100000167586,224.0
1770302754,130,POST,POST /upload,33.200000,0.000000,46,46,47,47,49,50,51,53,71,71,71,613,0,46,46.146636378473474,42.319099999986065,70.58779999988474,98.0
1770302754,130,,Aggregated,99.600000,0.000000,4,12,44,45,47,48,50,51,68,71,71,1843,0,4,17.936703526862246,1.186199999665405,70.58779999988474,185.77373846988607
1770302755,135,GET,GET /,34.600000,0.000000,3,3,4,4,9,11,12,13,16,16,16,666,0,3,4.12618078077846,1.186199999665405,23.39399999982561,235.0
1770302755,135,GET,GET /download/{zip},34.400000,0.000000,3,4,4,5,6,7,9,10,16,16,16,664,0,3,3.586538102411626,1.394700000219018,23.335100000167586,224.0
1770302755,135,POST,POST /upload,34.400000,0.000000,46,46,47,47,49,50,51,53,71,71,71,664,0,46,46.11151295181111,42.319099999986065,70.58779999988474,98.0
1770302755,135,,Aggregated,103.400000,0.000000,4,12,45,45,47,48,50,51,68,71,71,1994,0,4,17.927553811435477,1.186199999665405,70.58779999988474,185.71614844533602
1770302756,140,GET,GET /,36.300000,0.000000,3,3,4,4,9,11,12,13,16,16,16,704,1,3,4.111415340907663,1.186199999665405,23.39399999982561,234.6661931818182
1770302756,140,GET,GET /download/{zip},36.100000,0.000000,3,4,4,4,6,7,8,10,16,16,16,703,0,3,3.567703982930542,1.3500000000021828,23.335100000167586,224.0
1770302756,140,POST,POST /upload,36.000000,0.000000,46,46,47,47,49,50,51,54,71,71,71,703,0,46,46.14134281650314,42.319099999986065,70.58779999988474,98.0
1770302756,140,,Aggregated,108.400000,0.000000,4,12,45,45,47,48,50,51,68,71,71,2110,1,4,17.933600142180506,1.186199999665405,70.58779999988474,185.578672985782
1770302757,145,GET,GET /,38.700000,0.000000,3,3,4,4,8,11,12,12,16,16,16,756,1,3,4.0659818783088815,1.186199999665405,23.39399999982561,234.68915343915344
1770302757,145,GET,GET /download/{zip},38.100000,0.000000,3,4,4,5,6,7,9,10,16,16,16,753,0,3,3.5764244355876476,1.3500000000021828,23.335100000167586,224.0
1770302757,145,POST,POST /upload,38.200000,0.000000,46,46,47,47,49,50,51,53,71,71,71,753,0,46,46.12530026560601,42.319099999986065,70.58779999988474,98.0
1770302757,145,,Aggregated,115.000000,0.000000,4,12,44,45,47,48,50,51,68,71,71,2262,1,4,17.904191423519173,1.186199999665405,70.58779999988474,185.62820512820514
1770302758,150,GET,GET /,40.100000,0.100000,3,3,3,4,8,10,12,12,16,16,16,809,1,3,4.000973671198072,1.186199999665405,23.39399999982561,234.70951792336217
1770302758,150,GET,GET /download/{zip},39.900000,0.000000,3,4,4,5,6,7,9,10,16,16,16,806,0,3,3.558456947888135,1.3500000000021828,23.335100000167586,224.0
1770302758,150,POST,POST /upload,39.900000,0.000000,46,46,47,47,49,50,51,53,71,71,71,806,0,46,46.08584640198806,42.319099999986065,70.58779999988474,98.0
1770302758,150,,Aggregated,119.900000,0.100000,4,12,44,45,47,48,50,50,68,71,71,2421,1,4,17.864558529533024,1.186199999665405,70.58779999988474,185.63073110285006
1770302759,155,GET,GET /,40.400000,0.100000,3,3,3,4,8,10,12,12,16,16,16,864,1,3,3.935011574073302,1.090100000055827,23.39399999982561,234.72800925925927
1770302759,155,GET,GET /download/{zip},40.400000,0.000000,3,4,4,5,6,7,9,10,16,16,16,862,0,3,3.5153353828275393,1.3500000000021828,23.335100000167586,224.0
1770302759,155,POST,POST /upload,40.400000,0.000000,46,46,47,47,49,50,51,53,71,71,71,862,0,46,46.05980881670873,42.319099999986065,70.58779999988474,98.0
1770302759,155,,Aggregated,121.200000,0.100000,4,12,45,45,47,48,50,50,68,71,71,2588,1,4,17.8259753863986,1.090100000055827,70.58779999988474,185.61398763523957
1770302760,160,GET,GET /,42.700000,0.100000,3,3,3,4,8,10,12,12,16,16,16,914,1,3,3.916467943108091,1.090100000055827,23.39399999982561,234.74288840262582
1770302760,160,GET,GET /download/{zip},42.600000,0.000000,3,4,4,5,6,7,8,9,16,16,16,910,0,3,3.5053392307682962,1.3500000000021828,23.335100000167586,224.0
1770302760,160,POST,POST /upload,42.600000,0.000000,46,46,47,47,49,50,51,53,71,71,71,910,0,46,46.045684395609825,42.319099999986065,70.58779999988474,98.0
1770302760,160,,Aggregated,127.900000,0.100000,4,12,44,45,47,48,50,50,68,71,71,2734,1,4,17.802151865400457,1.090100000055827,70.58779999988474,185.6528895391368
1770302761,165,GET,GET /,44.400000,0.100000,2,3,3,3,7,10,12,12,16,16,16,973,1,3,3.8695971223038246,1.090100000055827,23.39399999982561,234.75847893114081
1770302761,165,GET,GET /download/{zip},44.200000,0.000000,3,3,4,4,6,7,8,9,16,16,16,968,0,3,3.4678117768613665,1.3500000000021828,23.335100000167586,224.0
1770302761,165,POST,POST /upload,44.200000,0.000000,46,46,47,47,49,50,51,52,54,54,54,968,0,46,46.04691890496362,42.319099999986065,70.58779999988474,98.0
1770302761,165,,Aggregated,132.800000,0.100000,4,12,44,45,46,48,50,50,53,54,54,2909,1,4,17.77084128566799,1.090100000055827,70.58779999988474,185.67067720866277
1770302762,170,GET,GET /,45.900000,0.100000,2,3,3,4,6,10,12,12,13,13,13,1036,1,3,3.8464645752897524,1.0741999999481777,23.39399999982561,234.77316602316603
1770302762,170,GET,GET /download/{zip},45.700000,0.000000,3,4,4,5,6,7,8,9,12,12,12,1033,0,3,3.51026921587764,1.3500000000021828,23.335100000167586,224.0
1770302762,170,POST,POST /upload,45.800000,0.000000,46,46,47,47,49,50,52,53,54,54,54,1033,0,46,46.0855667957455,42.319099999986065,70.58779999988474,98.0
1770302762,170,,Aggregated,137.400000,0.100000,4,12,44,45,47,48,50,51,54,54,54,3102,1,4,17.80059184397383,1.0741999999481777,70.58779999988474,185.6386202450032
1770302763,175,GET,GET /,47.900000,0.100000,2,3,3,4,7,10,12,12,13,13,13,1081,1,3,3.8307601295096525,1.0741999999481777,23.39399999982561,234.7826086956522
1770302763,175,GET,GET /download/{zip},47.400000,0.000000,3,4,4,5,6,7,8,10,12,12,12,1078,0,3,3.4943214285719204,1.3500000000021828,23.335100000167586,224.0
1770302763,175,POST,POST /upload,47.400000,0.000000,46,46,47,47,49,50,52,53,54,54,54,1078,0,46,46.05464489796464,42.16850000011618,70.58779999988474,98.0
1770302763,175,,Aggregated,142.700000,0.100000,4,12,44,45,47,48,50,51,54,54,54,3237,1,4,17.78030194624847,1.0741999999481777,70.58779999988474,185.63978992894656
1770302764,180,GET,GET /,49.000000,0.100000,2,3,3,4,7,10,12,13,17,17,17,1151,1,3,3.8355841007811553,1.0741999999481777,23.39399999982561,234.7958297132928
1770302764,180,GET,GET /download/{zip},48.500000,0.000000,3,4,4,5,6,7,12,12,16,16,16,1146,0,3,3.5583582024446674,1.3500000000021828,23.335100000167586,224.0
1770302764,180,POST,POST /upload,48.500000,0.000000,46,47,47,48,49,50,52,53,54,54,54,1146,0,46,46.10718874346155,42.16850000011618,70.58779999988474,98.0
1770302764,180,,Aggregated,146.000000,0.100000,4,13,45,45,47,48,50,51,54,54,54,3443,1,4,17.81338196340621,1.0741999999481777,70.58779999988474,185.6700551844322
1770302765,185,GET,GET /,50.600000,0.100000,3,3,3,4,6,10,13,16,17,17,17,1216,1,3,3.830488898024579,1.0741999999481777,23.39399999982561,234.80674342105263
1770302765,185,GET,GET /download/{zip},50.600000,0.000000,3,4,4,5,6,7,12,12,16,16,16,1212,0,3,3.5645184818481734,1.3500000000021828,23.335100000167586,224.0
1770302765,185,POST,POST /upload,50.600000,0.000000,46,47,47,48,49,50,52,53,54,54,54,1212,0,46,46.123030610566474,42.16850000011618,70.58779999988474,98.0
1770302765,185,,Aggregated,151.800000,0.100000,4,15,45,45,47,49,50,52,53,54,54,3640,1,4,17.823951648352853,1.0741999999481777,70.58779999988474,185.65631868131868
1770302766,190,GET,GET /,50.900000,0.100000,3,3,3,4,6,11,15,16,22,22,22,1284,1,3,3.8439823208718904,1.0495999999875494,23.39399999982561,234.8169781931464
1770302766,190,GET,GET /download/{zip},51.100000,0.000000,3,4,4,5,6,9,12,14,24,24,24,1279,0,3,3.6233136825640306,1.3500000000021828,23.83640000016385,224.0
1770302766,190,POST,POST /upload,51.100000,0.000000,46,47,47,48,49,50,52,52,54,54,54,1279,0,46,46.118395308841144,42.019600000003265,70.58779999988474,98.0
1770302766,190,,Aggregated,153.100000,0.100000,4,15,45,45,47,48,50,51,53,54,54,3842,1,4,17.84365411244317,1.0495999999875494,70.58779999988474,185.6697032795419
1770302767,195,GET,GET /,53.100000,0.100000,3,3,3,4,6,11,15,16,22,22,22,1344,1,3,3.824348958333972,1.0495999999875494,23.39399999982561,234.8251488095238
1770302767,195,GET,GET /download/{zip},53.300000,0.000000,3,4,4,5,6,8,12,14,24,24,24,1338,0,3,3.6109129297459517,1.3500000000021828,23.83640000016385,224.0
1770302767,195,POST,POST /upload,53.200000,0.000000,46,47,47,48,49,50,52,52,54,54,54,1338,0,46,46.11535037369871,42.019600000003265,70.58779999988474,98.0
1770302767,195,,Aggregated,159.600000,0.100000,4,15,45,45,47,48,50,51,53,54,54,4020,1,4,17.82926997512681,1.0495999999875494,70.58779999988474,185.6818407960199
1770302768,200,GET,GET /,55.500000,0.000000,3,3,4,4,6,11,15,16,22,22,22,1419,1,3,3.7929640591956355,1.0495999999875494,23.39399999982561,234.83439041578578
1770302768,200,GET,GET /download/{zip},55.600000,0.000000,3,4,4,5,6,7,12,14,24,24,24,1409,0,3,3.6017913413781613,1.3500000000021828,23.83640000016385,224.0
1770302768,200,POST,POST /upload,55.600000,0.000000,46,47,47,48,49,50,52,52,54,54,54,1409,0,46,46.098531937548735,42.019600000003265,70.58779999988474,98.0
1770302768,200,,Aggregated,166.700000,0.000000,4,15,45,45,47,48,50,51,53,54,54,4237,1,4,17.797963535521962,1.0495999999875494,70.58779999988474,185.7276374793486
1770302769,205,GET,GET /,57.600000,0.000000,3,3,4,4,6,10,13,16,22,22,22,1481,1,3,3.7477629979727216,1.0495999999875494,23.39399999982561,234.84132343011478
1770302769,205,GET,GET /download/{zip},57.300000,0.000000,3,4,4,5,6,7,12,14,24,24,24,1476,0,3,3.5885758807609673,1.3500000000021828,23.83640000016385,224.0
1770302769,205,POST,POST /upload,57.300000,0.000000,46,47,47,48,49,50,52,52,54,54,54,1476,0,46,46.08116761518048,42.019600000003265,70.58779999988474,98.0
1770302769,205,,Aggregated,172.200000,0.000000,4,15,45,45,47,48,50,51,53,54,54,4433,1,4,17.78997933679387,1.0495999999875494,70.58779999988474,185.66929844349198
1770302770,210,GET,GET /,58.500000,0.000000,3,3,4,4,6,10,13,16,22,22,22,1557,1,3,3.7431518946680917,1.0495999999875494,23.39399999982561,234.8490687219011
1770302770,210,GET,GET /download/{zip},58.200000,0.000000,3,4,5,5,6,9,12,14,24,24,24,1553,0,3,3.621016291051981,1.31439999995564,23.83640000016385,224.0
1770302770,210,POST,POST /upload,58.200000,0.000000,46,47,47,48,49,51,52,53,57,57,57,1553,0,46,46.12647430779492,42.019600000003265,70.58779999988474,98.0
1770302770,210,,Aggregated,174.900000,0.000000,4,15,45,46,47,49,50,52,55,57,57,4663,1,4,17.818130045036973,1.0495999999875494,70.58779999988474,185.6585888912717
1770302771,215,GET,GET /,61.000000,0.000000,3,3,4,4,6,9,13,16,22,22,22,1621,1,3,3.7116531770492514,1.0495999999875494,23.39399999982561,234.85502776064158
1770302771,215,GET,GET /download/{zip},60.700000,0.000000,3,4,5,5,6,8,12,14,24,24,24,1616,0,3,3.5975355198043006,1.31439999995564,23.83640000016385,224.0
1770302771,215,POST,POST /upload,60.700000,0.000000,46,47,47,48,49,50,52,52,57,57,57,1616,0,46,46.1057563118844,42.019600000003265,70.58779999988474,98.0
1770302771,215,,Aggregated,182.400000,0.000000,4,15,45,45,47,48,50,51,55,57,57,4853,1,4,17.790461446529086,1.0495999999875494,70.58779999988474,185.6690706779312
1770302772,220,GET,GET /,62.400000,0.000000,3,3,4,4,6,9,13,16,22,22,22,1703,1,3,3.6924411039316603,1.0495999999875494,23.39399999982561,234.86200822078683
1770302772,220,GET,GET /download/{zip},62.200000,0.000000,3,4,5,5,6,8,12,14,24,24,24,1699,0,3,3.6165334314332815,1.31439999995564,23.83640000016385,224.0
1770302772,220,POST,POST /upload,62.100000,0.000000,46,47,47,48,49,50,52,53,57,57,57,1699,0,46,46.12032324897401,42.019600000003265,70.58779999988474,98.0
1770302772,220,,Aggregated,186.700000,0.000000,4,15,45,45,47,48,50,51,55,57,57,5101,1,4,17.79869568712163,1.0495999999875494,70.58779999988474,185.6592824936287
1770302773,225,GET,GET /,64.400000,0.000000,3,3,4,4,6,9,13,15,22,22,22,1771,1,3,3.690433709765577,1.0495999999875494,23.39399999982561,234.86730660643704
1770302773,225,GET,GET /download/{zip},64.700000,0.000000,3,4,4,5,6,7,10,12,24,24,24,1767,0,3,3.6199536502572527,1.31439999995564,23.83640000016385,224.0
1770302773,225,POST,POST /upload,64.700000,0.000000,46,47,47,48,49,50,52,53,57,57,57,1767,0,46,46.113885116021045,41.89500000029511,70.58779999988474,98.0
1770302773,225,,Aggregated,193.800000,0.000000,4,14,45,45,47,48,50,51,54,57,57,5305,1,4,17.797446032046835,1.0495999999875494,70.58779999988474,185.65956644674836
1770302774,230,GET,GET /,64.700000,0.000000,3,3,4,4,6,9,12,14,22,22,22,1856,1,3,3.686479795257273,1.0495999999875494,23.39399999982561,234.87338362068965
1770302774,230,GET,GET /download/{zip},64.800000,0.000000,3,4,5,5,6,8,10,12,24,24,24,1845,0,3,3.635985149053229,1.31439999995564,23.83640000016385,224.0
1770302774,230,POST,POST /upload,64.800000,0.000000,46,47,47,48,49,50,52,52,57,57,57,1845,0,46,46.14746672087208,41.89500000029511,70.58779999988474,98.0
1770302774,230,,Aggregated,194.300000,0.000000,4,13,45,45,47,48,50,51,54,57,57,5546,1,4,17.795271402814542,1.0495999999875494,70.58779999988474,185.72214208438515
1770302775,235,GET,GET /,67.300000,0.000000,3,3,4,4,6,8,11,14,22,22,22,1930,1,3,3.6631366321228556,0.9310999998888292,23.39399999982561,234.8782383419689
1770302775,235,GET,GET /download/{zip},67.400000,0.000000,3,4,5,5,6,8,10,12,24,24,24,1922,0,3,3.6482325182114965,1.31439999995564,23.83640000016385,224.0
1770302775,235,POST,POST /upload,67.400000,0.000000,46,47,47,48,49,50,52,52,57,57,57,1922,0,46,46.145837200836034,41.89500000029511,70.58779999988474,98.0
1770302775,235,,Aggregated,202.100000,0.000000,4,12,45,45,47,48,50,51,54,57,57,5774,1,4,17.7994554381722,0.9310999998888292,70.58779999988474,185.6943193626602
1770302776,240,GET,GET /,68.800000,0.000000,3,3,4,4,6,8,11,14,16,16,16,2011,1,3,3.6462680258559517,0.9310999998888292,23.39399999982561,234.88314271506712
1770302776,240,GET,GET /download/{zip},68.400000,0.000000,3,4,5,5,6,8,10,10,12,12,12,2007,0,3,3.6457673144000458,1.31439999995564,23.83640000016385,224.0
1770302776,240,POST,POST /upload,68.400000,0.000000,46,47,47,48,49,51,52,53,62,62,62,2010,0,46,46.15719139303866,41.89500000029511,70.58779999988474,98.0
1770302776,240,,Aggregated,205.600000,0.000000,4,12,45,45,47,48,50,52,55,62,62,6028,1,4,17.821110600531643,0.9310999998888292,70.58779999988474,185.6167883211679
1770302777,245,GET,GET /,70.400000,0.000000,3,3,4,4,6,10,15,16,34,34,34,2091,1,3,3.7102787661389907,0.9310999998888292,34.29629999982353,234.88761358201816
1770302777,245,GET,GET /download/{zip},70.100000,0.000000,3,4,5,5,7,8,10,11,49,49,49,2083,0,3,3.7030326452227684,1.31439999995564,49.0497000000687,224.0
1770302777,245,POST,POST /upload,70.100000,0.000000,46,47,48,48,49,51,53,57,87,87,87,2084,0,46,46.24855854126961,41.89500000029511,87.12089999971795,98.0
1770302777,245,,Aggregated,210.600000,0.000000,4,15,45,46,47,49,50,52,83,87,87,6258,1,4,17.8736986097797,0.9310999998888292,87.12089999971795,185.6781719399169
1770302778,250,GET,GET /,71.900000,0.000000,3,3,4,4,6,10,15,16,34,34,34,2178,1,3,3.6905313131301125,0.9310999998888292,34.29629999982353,234.8921028466483
1770302778,250,GET,GET /download/{zip},71.500000,0.000000,3,4,5,5,7,8,10,11,49,49,49,2168,0,3,3.6831097785962923,1.2742999997499282,49.0497000000687,224.0
1770302778,250,POST,POST /upload,71.600000,0.000000,46,47,48,48,49,51,53,57,87,87,87,2168,0,46,46.22899704797347,41.89500000029511,87.12089999971795,98.0
1770302778,250,,Aggregated,215.000000,0.000000,4,15,45,46,47,49,51,52,83,87,87,6514,1,4,17.845782130795286,0.9310999998888292,87.12089999971795,185.7063248388087
1770302779,255,GET,GET /,73.300000,0.000000,3,3,4,4,6,10,15,16,34,34,34,2264,1,3,3.693789973497719,0.9310999998888292,34.29629999982353,234.89620141342755
1770302779,255,GET,GET /download/{zip},73.600000,0.000000,3,4,5,5,7,8,10,11,49,49,49,2250,0,3,3.6963778666651907,1.2742999997499282,49.0497000000687,224.0
1770302779,255,POST,POST /upload,73.600000,0.000000,46,47,48,48,49,51,52,57,87,87,87,2250,0,46,46.23363160000284,41.89500000029511,87.12089999971795,98.0
1770302779,255,,Aggregated,220.500000,0.000000,4,15,45,46,47,49,51,52,83,87,87,6764,1,4,17.845248639858347,0.9310999998888292,87.12089999971795,185.73403311649912
1770302780,260,GET,GET /,75.000000,0.000000,3,3,4,4,6,10,15,16,34,34,34,2355,1,3,3.6606551592350227,0.9310999998888292,34.29629999982353,234.90021231422506
1770302780,260,GET,GET /download/{zip},75.000000,0.000000,3,4,5,5,7,8,10,11,49,49,49,2346,0,3,3.6914103154280893,1.2742999997499282,49.0497000000687,224.0
1770302780,260,POST,POST /upload,75.000000,0.000000,46,47,48,48,49,51,52,54,87,87,87,2346,0,46,46.23634045183657,41.89500000029511,87.12089999971795,98.0
1770302780,260,,Aggregated,225.000000,0.000000,4,15,45,46,47,49,50,52,83,87,87,7047,1,4,17.844663856960597,0.9310999998888292,87.12089999971795,185.69632467716758
1770302781,265,GET,GET /,75.800000,0.000000,2,3,4,4,6,10,15,16,34,34,34,2446,1,3,3.640790637775252,0.9310999998888292,34.29629999982353,234.90392477514308
1770302781,265,GET,GET /download/{zip},75.900000,0.000000,3,4,5,5,7,8,10,11,49,49,49,2435,0,3,3.671479342914164,1.242899999851943,49.0497000000687,224.0
1770302781,265,POST,POST /upload,76.000000,0.000000,46,47,48,48,49,50,52,54,87,87,87,2437,0,46,46.234797291756095,41.801099999702274,87.12089999971795,98.0
1770302781,265,,Aggregated,227.700000,0.000000,4,15,45,46,47,49,50,52,83,87,87,7318,1,4,17.835423216726415,0.9310999998888292,87.12089999971795,185.68474993167533
1770302782,270,GET,GET /,78.000000,0.000000,2,3,4,4,6,10,15,16,34,34,34,2539,1,3,3.624306853091192,0.9310999998888292,34.29629999982353,234.90744387554156
1770302782,270,GET,GET /download/{zip},78.100000,0.000000,3,4,5,5,6,8,9,10,49,49,49,2531,0,3,3.6624558672440655,1.242899999851943,49.0497000000687,224.0
1770302782,270,POST,POST /upload,78.100000,0.000000,46,47,48,48,49,50,52,54,87,87,87,2531,0,46,46.245332714346,41.801099999702274,87.12089999971795,98.0
1770302782,270,,Aggregated,234.200000,0.000000,4,15,45,46,47,49,50,52,83,87,87,7601,1,4,17.829065649257082,0.9310999998888292,87.12089999971795,185.68767267464807
1770302783,275,GET,GET /,79.300000,0.000000,3,3,4,4,6,10,14,16,34,34,34,2630,1,3,3.612431330797847,0.9310999998888292,34.29629999982353,234.9106463878327
1770302783,275,GET,GET /download/{zip},79.000000,0.000000,3,4,5,5,6,8,9,10,49,49,49,2621,0,3,3.6701064860725947,1.242899999851943,49.0497000000687,224.0
1770302783,275,POST,POST /upload,79.100000,0.000000,46,47,48,48,49,50,52,54,87,87,87,2622,0,46,46.25141517925648,41.801099999702274,87.12089999971795,98.0
1770302783,275,,Aggregated,237.400000,0.000000,4,14,45,46,47,49,50,52,83,87,87,7873,1,4,17.831989597358724,0.9310999998888292,87.12089999971795,185.68207798806046
1770302784,280,GET,GET /,82.300000,0.000000,3,3,4,4,6,10,14,16,34,34,34,2725,1,3,3.6025647706413384,0.9310999998888292,34.29629999982353,234.9137614678899
1770302784,280,GET,GET /download/{zip},82.200000,0.000000,3,4,5,5,6,8,9,11,49,49,49,2714,0,3,3.684391451730139,1.242899999851943,49.0497000000687,224.0
1770302784,280,POST,POST /upload,82.200000,0.000000,46,47,48,48,49,50,53,54,87,87,87,2714,0,46,46.27343986735878,41.801099999702274,87.12089999971795,98.0
1770302784,280,,Aggregated,246.700000,0.000000,4,14,45,46,47,49,50,52,83,87,87,8153,1,4,17.834238096406818,0.9310999998888292,87.12089999971795,185.70440328713357
1770302785,285,GET,GET /,83.400000,0.000000,3,3,4,4,6,10,13,16,34,34,34,2830,1,3,3.5848595053012877,0.9310999998888292,34.29629999982353,234.91696113074204
1770302785,285,GET,GET /download/{zip},83.100000,0.000000,3,4,5,5,7,8,9,10,49,49,49,2819,0,3,3.7063145796368056,1.242899999851943,49.0497000000687,224.0
1770302785,285,POST,POST /upload,83.100000,0.000000,46,47,48,48,49,51,53,54,87,87,87,2819,0,46,46.28925047889719,41.801099999702274,87.12089999971795,98.0
1770302785,285,,Aggregated,249.600000,0.000000,4,13,45,46,47,49,50,52,83,87,87,8468,1,4,17.841597815305807,0.9310999998888292,87.12089999971795,185.70299952763344
1770302786,290,GET,GET /,85.800000,0.000000,3,3,4,4,6,9,12,14,22,22,22,2924,1,3,3.5923993502062546,0.9310999998888292,34.29629999982353,234.91963064295484
1770302786,290,GET,GET /download/{zip},85.700000,0.000000,3,4,5,5,6,8,9,9,23,23,23,2914,0,3,3.7181187714470085,1.242899999851943,49.0497000000687,224.0
1770302786,290,POST,POST /upload,85.700000,0.000000,46,47,48,48,49,50,52,53,55,55,55,2915,0,46,46.301221132080144,41.801099999702274,87.12089999971795,98.0
1770302786,290,,Aggregated,257.200000,0.000000,4,12,45,46,47,49,50,51,54,55,55,8753,1,4,17.857515526106816,0.9310999998888292,87.12089999971795,185.6861647435165
1770302787,295,GET,GET /,86.700000,0.000000,3,3,4,4,6,9,12,14,22,22,22,3021,1,3,3.575593181066668,0.9310999998888292,34.29629999982353,234.92221118834823
1770302787,295,GET,GET /download/{zip},86.800000,0.000000,3,4,5,5,6,8,9,9,23,23,23,3011,0,3,3.7140610428406324,1.242899999851943,49.0497000000687,224.0
1770302787,295,POST,POST /upload,86.900000,0.000000,46,47,48,48,49,50,52,53,55,55,55,3012,0,46,46.29216225100097,41.801099999702274,87.12089999971795,98.0
1770302787,295,,Aggregated,260.400000,0.000000,4,12,45,46,47,49,50,51,54,55,55,9044,1,4,17.847954168510633,0.9310999998888292,87.12089999971795,185.68553737284387
1770302788,300,GET,GET /,89.500000,0.000000,3,3,4,4,6,8,11,13,22,22,22,3108,1,3,3.5551920527680836,0.9310999998888292,34.29629999982353,234.92438867438867
1770302788,300,GET,GET /download/{zip},89.700000,0.000000,3,4,5,5,6,8,9,9,23,23,23,3100,0,3,3.7091802258042192,1.242899999851943,49.0497000000687,224.0
1770302788,300,POST,POST /upload,89.600000,0.000000,46,47,48,48,49,50,52,53,55,55,55,3101,0,46,46.29500119316789,41.801099999702274,87.12089999971795,98.0
1770302788,300,,Aggregated,268.800000,0.000000,4,11,45,46,47,49,50,51,54,55,55,9309,1,4,17.843892394458038,0.9310999998888292,87.12089999971795,185.6744011171984
1770302789,305,GET,GET /,91.500000,0.000000,3,3,4,4,5,8,11,13,22,22,22,3211,1,3,3.5389074743079973,0.9310999998888292,34.29629999982353,234.92681407661163
1770302789,305,GET,GET /download/{zip},91.000000,0.000000,3,4,5,5,6,7,9,9,23,23,23,3199,0,3,3.7047891528567405,1.242899999851943,49.0497000000687,224.0
1770302789,305,POST,POST /upload,91.200000,0.000000,46,47,48,48,50,50,52,53,55,55,55,3200,0,46,46.28779000000484,41.801099999702274,87.12089999971795,98.0
1770302789,305,,Aggregated,273.700000,0.000000,4,11,45,46,47,49,50,51,54,55,55,9610,1,4,17.82892616025049,0.9310999998888292,87.12089999971795,185.69469302809574
1770302790,310,GET,GET /,92.100000,0.000000,3,3,4,4,5,8,12,14,22,22,22,3310,1,3,3.536479818731947,0.9310999998888292,34.29629999982353,234.92900302114805
1770302790,310,GET,GET /download/{zip},92.300000,0.000000,3,4,5,5,6,8,9,10,23,23,23,3298,0,3,3.7038294420824136,1.242899999851943,49.0497000000687,224.0
1770302790,310,POST,POST /upload,92.300000,0.000000,46,47,48,48,50,51,52,53,55,55,55,3298,0,46,46.28543620376447,41.801099999702274,87.12089999971795,98.0
1770302790,310,,Aggregated,276.700000,0.000000,4,11,45,46,47,49,50,51,54,55,55,9906,1,4,17.82458573591819,0.9310999998888292,87.12089999971795,185.7027054310519
1770302791,315,GET,GET /,92.900000,0.000000,3,3,4,4,5,8,11,14,22,22,22,3424,1,3,3.5193972546737524,0.9310999998888292,34.29629999982353,234.9313668224299
1770302791,315,GET,GET /download/{zip},92.700000,0.000000,3,4,5,5,6,8,9,10,23,23,23,3412,0,3,3.719918874556457,1.242899999851943,49.0497000000687,224.0
1770302791,315,POST,POST /upload,92.600000,0.000000,46,47,48,48,50,51,52,53,55,55,55,3413,0,46,46.29196062115871,41.801099999702274,87.12089999971795,98.0
1770302791,315,,Aggregated,278.200000,0.000000,4,12,45,46,47,49,50,51,55,55,55,10249,1,4,17.82976300126883,0.9310999998888292,87.12089999971795,185.69294565323446
1770302792,320,GET,GET /,94.600000,0.000000,3,3,4,4,5,8,11,14,22,22,22,3526,1,3,3.512967158253593,0.9310999998888292,34.29629999982353,234.93335224049915
1770302792,320,GET,GET /download/{zip},94.600000,0.000000,3,4,5,5,7,8,9,10,23,23,23,3514,0,3,3.7270664200298653,1.242899999851943,49.0497000000687,224.0
1770302792,320,POST,POST /upload,94.600000,0.000000,46,47,48,48,50,51,52,53,55,55,55,3515,0,46,46.30173211949205,41.801099999702274,87.12089999971795,98.0
1770302792,320,,Aggregated,283.800000,0.000000,4,12,45,46,47,49,50,51,55,55,55,10555,1,4,17.833654381809747,0.9310999998888292,87.12089999971795,185.69218379914733
1770302793,325,GET,GET /,96.800000,0.000000,2,3,4,4,5,8,12,14,22,22,22,3628,1,3,3.5007338202869662,0.9310999998888292,34.29629999982353,234.93522601984566
1770302793,325,GET,GET /download/{zip},96.900000,0.000000,3,4,5,5,7,8,10,10,23,23,23,3615,0,3,3.7342317289037017,1.242899999851943,49.0497000000687,224.0
1770302793,325,POST,POST /upload,96.800000,0.000000,46,47,48,49,50,51,52,53,55,55,55,3616,0,46,46.31528108407482,41.801099999702274,87.12089999971795,98.0
1770302793,325,,Aggregated,290.500000,0.000000,4,12,45,46,47,49,51,51,55,55,55,10859,1,4,17.835525039138307,0.9310999998888292,87.12089999971795,185.69601252417348
1770302794,330,GET,GET /,97.700000,0.000000,2,3,4,4,6,9,12,14,22,22,22,3744,1,3,3.5073200854710125,0.9310999998888292,34.29629999982353,234.9372329059829
1770302794,330,GET,GET /download/{zip},97.500000,0.000000,3,4,5,5,7,9,12,15,23,23,23,3736,0,3,3.788703988219758,1.242899999851943,49.0497000000687,224.0
1770302794,330,POST,POST /upload,97.600000,0.000000,46,47,48,49,50,51,54,56,75,93,93,3743,0,46,46.40846059311039,41.801099999702274,93.41799999992872,98.0
1770302794,330,,Aggregated,292.800000,0.000000,4,15,45,46,48,49,51,53,69,93,93,11223,1,4,17.909014746503146,0.9310999998888292,93.41799999992872,185.62621402477055
1770302795,335,GET,GET /,98.700000,0.000000,2,3,4,4,6,10,14,15,62,63,63,3863,1,3,3.5793792648220752,0.9310999998888292,62.67419999994672,234.93916645094487
1770302795,335,GET,GET /download/{zip},98.800000,0.000000,3,4,5,5,8,10,20,23,31,32,32,3858,0,3,3.9026616122322983,1.242899999851943,49.0497000000687,224.0
1770302795,335,POST,POST /upload,98.800000,0.000000,46,47,48,49,50,52,55,59,75,93,93,3859,0,46,46.435646203682445,41.801099999702274,93.41799999992872,98.0
1770302795,335,,Aggregated,296.300000,0.000000,4,22,45,46,48,50,52,54,69,93,93,11580,1,4,17.968805639033732,0.9310999998888292,93.41799999992872,185.660103626943
1770302796,340,GET,GET /,100.200000,0.000000,3,3,4,4,6,9,13,15,62,63,63,3969,1,3,3.573104031244224,0.9310999998888292,62.67419999994672,234.94079113126733
1770302796,340,GET,GET /download/{zip},100.200000,0.000000,3,4,5,6,8,11,20,23,31,32,32,3964,0,3,3.918032921289824,1.242899999851943,49.0497000000687,224.0
1770302796,340,POST,POST /upload,100.200000,0.000000,46,47,48,49,50,53,56,59,75,93,93,3964,0,46,46.45610761856935,41.801099999702274,93.41799999992872,98.0
1770302796,340,,Aggregated,300.600000,0.000000,4,21,45,46,48,50,52,55,69,93,93,11897,1,4,17.976358998067596,0.9310999998888292,93.41799999992872,185.66764730604353
1770302797,345,GET,GET /,102.300000,0.000000,3,3,4,4,7,10,14,16,62,63,63,4080,1,3,3.5783588725506683,0.9310999998888292,62.67419999994672,234.9424019607843
1770302797,345,GET,GET /download/{zip},102.600000,0.000000,3,4,5,6,8,11,20,23,31,32,32,4070,0,3,3.948750147419023,1.242899999851943,49.0497000000687,224.0
1770302797,345,POST,POST /upload,102.500000,0.000000,46,47,48,49,51,53,56,59,75,93,93,4070,0,46,46.46199199017388,41.801099999702274,93.41799999992872,98.0
1770302797,345,,Aggregated,307.400000,0.000000,4,20,45,46,48,50,52,55,69,93,93,12220,1,4,17.984568306056477,0.9310999998888292,93.41799999992872,185.68780687397708
1770302798,350,GET,GET /,102.500000,0.000000,3,3,4,4,7,10,14,16,62,63,63,4203,1,3,3.5697286224140377,0.9310999998888292,62.67419999994672,234.94408755650727
1770302798,350,GET,GET /download/{zip},102.400000,0.000000,3,4,5,6,9,11,20,23,31,32,32,4194,0,3,3.9514895088208766,1.242899999851943,49.0497000000687,224.0
1770302798,350,POST,POST /upload,102.400000,0.000000,46,48,49,49,51,53,55,59,75,93,93,4194,0,46,46.46823316642963,41.801099999702274,93.41799999992872,98.0
1770302798,350,,Aggregated,307.300000,0.000000,5,20,45,46,48,50,52,54,69,93,93,12591,1,4,17.986171574935053,0.9310999998888292,93.41799999992872,185.68326582479548
1770302799,355,GET,GET /,103.400000,0.000000,3,3,4,4,7,10,14,16,62,63,63,4327,1,3,3.5720967876137806,0.9310999998888292,62.67419999994672,234.9456898544026
1770302799,355,GET,GET /download/{zip},103.300000,0.000000,4,5,5,6,9,12,20,23,31,32,32,4320,0,3,3.9870133333319355,1.234899999872141,49.0497000000687,224.0
1770302799,355,POST,POST /upload,103.100000,0.000000,46,48,49,49,51,53,56,59,75,93,93,4320,0,46,46.497826875000946,41.801099999702274,93.41799999992872,98.0
1770302799,355,,Aggregated,309.800000,0.000000,5,20,45,46,48,50,52,55,69,93,93,12967,1,4,18.011180111051374,0.9310999998888292,93.41799999992872,185.6751754453613
1770302800,360,GET,GET /,107.300000,0.000000,3,3,4,5,8,11,16,23,62,63,63,4435,1,3,3.632576978580732,0.9310999998888292,62.67419999994672,234.94701240135288
1770302800,360,GET,GET /download/{zip},106.700000,0.000000,4,5,6,7,10,16,24,31,51,60,60,4417,0,3,4.109339868687997,1.234899999872141,60.068799999953626,224.0
1770302800,360,POST,POST /upload,107.000000,0.000000,46,48,49,49,51,54,60,67,75,93,93,4425,0,46,46.56446824858797,41.801099999702274,93.41799999992872,98.0
1770302800,360,,Aggregated,321.000000,0.000000,5,31,45,46,48,50,53,58,70,93,93,13277,1,4,18.099661452135464,0.9310999998888292,93.41799999992872,185.6630262860586
1770302801,365,GET,GET /,108.600000,0.000000,3,4,5,6,10,16,34,44,63,67,67,4567,1,3,3.92298243923884,0.9310999998888292,66.89520000008997,234.94854390190497
1770302801,365,GET,GET /download/{zip},108.900000,0.000000,4,6,8,10,21,38,57,83,100,100,100,4557,0,3,4.99013660302767,1.234899999872141,101.62559999980658,224.0
1770302801,365,POST,POST /upload,108.900000,0.000000,47,49,50,51,55,68,89,94,110,110,110,4560,0,46,47.055023574561424,11.634000000412925,109.84159999998155,98.0
1770302801,365,,Aggregated,326.400000,0.000000,6,43,45,47,50,53,69,89,110,110,110,13684,1,4,18.65150692779896,0.9310999998888292,109.84159999998155,185.666325635779
1770302802,370,GET,GET /,111.300000,0.000000,3,4,6,8,14,28,50,62,74,79,79,4695,1,3,4.306657870074753,0.9310999998888292,79.04579999967609,234.94994675186368
1770302802,370,GET,GET /download/{zip},111.000000,0.000000,4,7,11,15,32,60,120,150,190,190,190,4688,0,3,6.227160857507468,1.234899999872141,192.45150000006106,224.0
1770302802,370,POST,POST /upload,111.000000,0.000000,47,49,50,52,62,84,98,110,120,120,120,4688,0,46,47.41058944112658,9.477000000060798,118.56970000008005,98.0
1770302802,370,,Aggregated,333.300000,0.000000,8,43,46,47,51,64,94,110,170,190,190,14071,1,5,19.307336514817543,0.9310999998888292,192.45150000006106,185.67450785303106
1770302803,375,GET,GET /,111.100000,0.000000,3,4,6,7,14,28,49,62,74,79,79,4813,1,3,4.273769187617459,0.9310999998888292,79.04579999967609,234.95117390400998
1770302803,375,GET,GET /download/{zip},109.800000,0.000000,4,7,11,14,31,60,120,150,190,190,190,4805,0,3,6.171760145680291,1.234899999872141,192.45150000006106,224.0
1770302803,375,POST,POST /upload,110.400000,0.000000,47,49,50,52,62,83,97,110,120,120,120,4806,0,46,47.38591040366288,9.477000000060798,118.56970000008005,98.0
1770302803,375,,Aggregated,331.300000,0.000000,8,43,46,47,51,63,94,110,170,190,190,14424,1,5,19.27077398779814,0.9310999998888292,192.45150000006106,185.6716583471991
1770302804,380,GET,GET /,114.000000,0.000000,3,4,6,7,13,26,47,59,74,79,79,4945,1,3,4.245475490394156,0.9310999998888292,79.04579999967609,234.95247724974723
1770302804,380,GET,GET /download/{zip},113.700000,0.000000,4,6,9,12,31,60,120,150,190,190,190,4934,0,3,6.122552168625046,1.234899999872141,192.45150000006106,224.0
1770302804,380,POST,POST /upload,113.800000,0.000000,47,49,50,51,60,83,97,110,120,120,120,4935,0,46,47.369874387031814,9.477000000060798,118.56970000008005,98.0
1770302804,380,,Aggregated,341.500000,0.000000,7,43,46,47,50,62,94,110,170,190,190,14814,1,5,19.236727339003476,0.9310999998888292,192.45150000006106,185.6815174834616
1770302805,385,GET,GET /,115.700000,0.000000,3,4,6,7,13,25,47,59,74,79,79,5071,1,3,4.238517964898801,0.9310999998888292,79.04579999967609,234.95365805561033
1770302805,385,GET,GET /download/{zip},115.900000,0.000000,5,7,9,13,30,57,120,150,190,190,190,5060,0,3,6.10119280632346,1.234899999872141,192.45150000006106,224.0
1770302805,385,POST,POST /upload,115.900000,0.000000,47,49,50,51,60,83,97,110,120,120,120,5060,0,46,47.37144373517768,9.477000000060798,118.56970000008005,98.0
1770302805,385,,Aggregated,347.500000,0.000000,7,43,46,47,50,61,94,110,170,190,190,15191,1,5,19.226190869593722,0.9310999998888292,192.45150000006106,185.68691988677506
1770302806,390,GET,GET /,117.900000,0.000000,3,4,6,7,13,24,45,58,74,79,79,5196,1,3,4.20700473441096,0.9310999998888292,79.04579999967609,234.9547729022325
1770302806,390,GET,GET /download/{zip},117.500000,0.000000,4,6,9,12,30,55,120,150,190,190,190,5190,0,3,6.050621098265344,1.234899999872141,192.45150000006106,224.0
1770302806,390,POST,POST /upload,117.500000,0.000000,47,49,50,51,59,83,97,110,120,120,120,5190,0,46,47.364775221579556,9.477000000060798,118.56970000008005,98.0
1770302806,390,,Aggregated,352.900000,0.000000,7,43,46,47,50,61,93,110,170,190,190,15576,1,5,19.201688719825064,0.9310999998888292,192.45150000006106,185.67058294812531
1770302807,395,GET,GET /,119.200000,0.000000,3,4,6,7,12,24,45,58,74,79,79,5335,1,3,4.195340524835974,0.9310999998888292,79.04579999967609,234.95595126522963
1770302807,395,GET,GET /download/{zip},118.200000,0.000000,4,6,8,13,30,53,120,150,190,190,190,5326,0,3,6.034270615845909,1.234899999872141,192.45150000006106,224.0
1770302807,395,POST,POST /upload,118.200000,0.000000,47,49,50,51,61,83,97,110,120,120,120,5326,0,46,47.38261580923694,9.477000000060798,118.56970000008005,98.0
1770302807,395,,Aggregated,355.600000,0.000000,7,43,46,47,50,61,93,110,170,190,190,15987,1,5,19.195626371426265,0.9310999998888292,192.45150000006106,185.67973978857822
1770302808,400,GET,GET /,120.900000,0.000000,3,4,6,7,12,24,45,58,74,79,79,5455,1,3,4.169384601283485,0.8649999999761349,79.04579999967609,234.95692025664528
1770302808,400,GET,GET /download/{zip},121.100000,0.000000,4,6,8,13,30,53,120,150,190,190,190,5446,0,3,5.997309750274201,1.234899999872141,192.45150000006106,224.0
1770302808,400,POST,POST /upload,121.100000,0.000000,47,49,50,51,60,83,97,110,120,120,120,5448,0,46,47.370285462554456,9.477000000060798,118.56970000008005,98.0
1770302808,400,,Aggregated,363.100000,0.000000,7,43,46,47,50,61,93,110,170,190,190,16349,1,5,19.17417928313608,0.8649999999761349,192.45150000006106,185.66872591595816
1770302809,405,GET,GET /,123.300000,0.000000,3,4,6,7,12,24,45,58,74,79,79,5586,1,3,4.161736000715904,0.8649999999761349,79.04579999967609,234.9579305406373
1770302809,405,GET,GET /download/{zip},123.000000,0.000000,4,6,8,12,30,52,120,150,190,190,190,5581,0,3,5.951624386309037,1.234899999872141,192.45150000006106,224.0
1770302809,405,POST,POST /upload,123.200000,0.000000,47,49,50,51,60,83,97,110,120,120,120,5582,0,46,47.35652774990945,9.477000000060798,118.56970000008005,98.0
1770302809,405,,Aggregated,369.500000,0.000000,7,43,46,47,50,61,93,110,170,190,190,16749,1,5,19.15383670069764,0.8649999999761349,192.45150000006106,185.66212908233328
1770302810,410,GET,GET /,123.900000,0.000000,3,4,5,6,11,21,44,58,74,79,79,5732,1,3,4.125616451500686,0.8649999999761349,79.04579999967609,234.95900209351012
1770302810,410,GET,GET /download/{zip},124.400000,0.000000,4,6,7,9,26,50,120,150,190,190,190,5726,0,3,5.89928477121736,1.234899999872141,192.45150000006106,224.0
1770302810,410,POST,POST /upload,124.100000,0.000000,47,48,49,50,56,83,96,110,120,120,120,5726,0,46,47.33841370939525,9.477000000060798,118.56970000008005,98.0
1770302810,410,,Aggregated,372.400000,0.000000,6,43,46,47,50,57,92,110,170,190,190,17184,1,5,19.115869122438948,0.8649999999761349,192.45150000006106,185.67021648044692
1770302811,415,GET,GET /,125.800000,0.000000,3,3,4,5,7,12,23,41,70,73,73,5883,1,3,4.093515842257457,0.8649999999761349,79.04579999967609,234.96005439401665
1770302811,415,GET,GET /download/{zip},125.300000,0.000000,4,5,6,6,9,19,120,150,190,190,190,5876,0,3,5.856302331516112,1.234899999872141,192.45150000006106,224.0
1770302811,415,POST,POST /upload,125.300000,0.000000,47,48,49,49,51,55,77,100,120,120,120,5877,0,46,47.31473066190186,9.477000000060798,118.56970000008005,98.0
1770302811,415,,Aggregated,376.400000,0.000000,5,43,45,46,49,51,65,110,170,190,190,17636,1,5,19.08383183828463,0.8649999999761349,192.45150000006106,185.66795191653435
1770302812,420,GET,GET /,125.600000,0.000000,2,3,4,4,6,8,10,12,20,35,35,6009,1,3,4.06363942419702,0.8649999999761349,79.04579999967609,234.96089199534032
1770302812,420,GET,GET /download/{zip},125.500000,0.000000,4,5,5,6,7,9,13,16,36,52,52,6006,0,3,5.807890942388367,1.234899999872141,192.45150000006106,224.0
1770302812,420,POST,POST /upload,125.500000,0.000000,46,48,48,49,50,52,54,55,68,70,70,6006,0,46,47.292002530801774,9.477000000060798,118.56970000008005,98.0
1770302812,420,,Aggregated,376.600000,0.000000,5,16,45,46,48,50,51,53,67,70,70,18021,1,5,19.052015398700462,0.8649999999761349,192.45150000006106,185.66183896565119
1770302813,425,GET,GET /,129.400000,0.000000,2,3,4,4,6,8,10,13,20,35,35,6150,1,3,4.046497869918475,0.8649999999761349,79.04579999967609,234.96178861788619
1770302813,425,GET,GET /download/{zip},130.700000,0.000000,4,5,5,6,7,9,13,16,36,52,52,6144,0,3,5.7789748046850375,1.2063999997735664,192.45150000006106,224.0
1770302813,425,POST,POST /upload,130.100000,0.000000,46,48,48,49,50,52,54,55,68,70,70,6144,0,46,47.279371940102976,9.477000000060798,118.56970000008005,98.0
1770302813,425,,Aggregated,390.200000,0.000000,5,16,45,46,48,50,51,53,67,70,70,18438,1,5,19.03007073977531,0.8649999999761349,192.45150000006106,185.66997505152403
1770302814,430,GET,GET /,130.400000,0.000000,2,3,4,4,6,8,10,13,20,35,35,6308,1,3,4.0210941978438655,0.8649999999761349,79.04579999967609,234.962745719721
1770302814,430,GET,GET /download/{zip},131.100000,0.000000,4,5,5,6,7,9,13,16,36,52,52,6300,0,3,5.746737857140217,1.2063999997735664,192.45150000006106,224.0
1770302814,430,POST,POST /upload,130.900000,0.000000,46,48,48,49,50,52,54,55,68,70,70,6300,0,46,47.26412706349127,9.477000000060798,118.56970000008005,98.0
1770302814,430,,Aggregated,392.400000,0.000000,5,16,45,46,48,50,51,53,65,70,70,18908,1,5,19.004310937168306,0.8649999999761349,192.45150000006106,185.67511106409987
1770302815,435,GET,GET /,131.400000,0.000000,2,3,3,4,6,8,10,15,30,35,35,6459,1,3,4.002097042885736,0.8649999999761349,79.04579999967609,234.96361665892553
1770302815,435,GET,GET /download/{zip},131.100000,0.000000,4,4,5,6,7,9,11,16,36,52,52,6450,0,3,5.712644263563336,1.2063999997735664,192.45150000006106,224.0
1770302815,435,POST,POST /upload,131.100000,0.000000,46,48,48,49,50,51,53,55,68,70,70,6451,0,46,47.24963974577448,9.477000000060798,118.56970000008005,98.0
1770302815,435,,Aggregated,393.600000,0.000000,4,15,45,46,48,49,51,52,65,70,70,19360,1,5,18.98262016012265,0.8649999999761349,192.45150000006106,185.67293388429752
1770302816,440,GET,GET /,133.400000,0.000000,2,3,3,4,6,8,10,15,30,35,35,6588,1,3,3.975309213721658,0.8649999999761349,79.04579999967609,234.96432908318155
1770302816,440,GET,GET /download/{zip},133.300000,0.000000,4,5,5,6,7,9,12,16,36,52,52,6584,0,3,5.677516190762708,1.2063999997735664,192.45150000006106,224.0
1770302816,440,POST,POST /upload,133.300000,0.000000,46,48,48,49,50,51,53,55,68,70,70,6584,0,46,47.232504207167764,9.477000000060798,118.56970000008005,98.0
1770302816,440,,Aggregated,400.000000,0.000000,4,16,45,46,48,49,51,53,65,70,70,19756,1,5,18.958742225145436,0.8649999999761349,192.45150000006106,185.66476007288924
1770302817,445,GET,GET /,135.500000,0.000000,2,3,3,4,6,8,11,16,27,30,30,6749,1,3,3.9684592828563843,0.8649999999761349,79.04579999967609,234.96518002667062
1770302817,445,GET,GET /download/{zip},136.100000,0.000000,4,5,5,6,7,9,12,14,17,19,19,6739,0,3,5.6599858881108,1.2063999997735664,192.45150000006106,224.0
1770302817,445,POST,POST /upload,136.100000,0.000000,46,48,48,49,50,51,53,54,59,61,61,6741,0,46,47.232551016169026,9.477000000060798,118.56970000008005,98.0
1770302817,445,,Aggregated,407.700000,0.000000,4,14,45,46,48,49,51,52,56,61,61,20229,1,5,18.949053487566,0.8649999999761349,192.45150000006106,185.6707696870829
1770302818,450,GET,GET /,137.600000,0.000000,2,3,3,4,6,8,11,16,27,30,30,6906,1,3,3.944127816391085,0.8649999999761349,79.04579999967609,234.96597161888212
1770302818,450,GET,GET /download/{zip},137.600000,0.000000,4,4,5,6,7,9,12,14,17,19,19,6901,0,3,5.618228111864856,1.2063999997735664,192.45150000006106,224.0
1770302818,450,POST,POST /upload,137.600000,0.000000,46,48,48,49,50,51,53,54,59,61,61,6901,0,46,47.21309765251288,9.477000000060798,118.56970000008005,98.0
1770302818,450,,Aggregated,412.800000,0.000000,4,15,45,46,48,49,51,52,56,61,61,20708,1,5,18.92153398686344,0.8649999999761349,192.45150000006106,185.667230056017
1770302819,455,GET,GET /,138.400000,0.000000,2,3,3,4,5,8,11,16,27,30,30,7064,1,3,3.9401844988667816,0.8649999999761349,79.04579999967609,234.96673272933182
1770302819,455,GET,GET /download/{zip},138.400000,0.000000,4,5,5,6,8,10,12,15,17,19,19,7056,0,3,5.6069446003372985,1.2063999997735664,192.45150000006106,224.0
1770302819,455,POST,POST /upload,138.200000,0.000000,46,48,48,49,50,51,53,54,59,61,61,7057,0,46,47.216096995889586,9.477000000060798,118.56970000008005,98.0
1770302819,455,,Aggregated,415.000000,0.000000,4,15,45,46,48,49,51,52,57,61,61,21177,1,5,18.916752179249585,0.8649999999761349,192.45150000006106,185.67006658166878
1770302820,460,GET,GET /,141.400000,0.000000,2,3,3,4,5,8,13,17,33,33,33,7194,1,3,3.9267838893520013,0.8649999999761349,79.04579999967609,234.96733388935223
1770302820,460,GET,GET /download/{zip},140.700000,0.000000,4,5,5,6,8,10,13,15,19,35,35,7186,0,3,5.5771672836036235,1.2063999997735664,192.45150000006106,224.0
1770302820,460,POST,POST /upload,140.700000,0.000000,46,48,48,49,50,51,53,54,59,61,61,7187,0,46,47.20079301516472,9.477000000060798,118.56970000008005,98.0
1770302820,460,,Aggregated,422.800000,0.000000,4,15,45,46,48,49,51,52,57,61,61,21567,1,5,18.897338841747263,0.8649999999761349,192.45150000006106,185.67000510038486
1770302821,465,GET,GET /,144.400000,0.000000,2,3,3,4,6,8,13,17,33,33,33,7352,1,3,3.9090356637650636,0.8649999999761349,79.04579999967609,234.9680359085963
1770302821,465,GET,GET /download/{zip},144.100000,0.000000,4,5,5,6,8,10,12,15,19,35,35,7341,0,3,5.546409848790905,1.2063999997735664,192.45150000006106,224.0
1770302821,465,POST,POST /upload,144.100000,0.000000,46,48,48,49,50,51,53,54,59,61,61,7342,0,46,47.18010536638346,9.477000000060798,118.56970000008005,98.0
1770302821,465,,Aggregated,432.600000,0.000000,5,15,45,46,48,49,51,52,57,61,61,22035,1,5,18.87232850011177,0.8649999999761349,192.45150000006106,185.67665078284548
1770302822,470,GET,GET /,147.000000,0.000000,2,3,4,4,6,8,13,17,33,33,33,7490,1,3,3.8970842189587436,0.8649999999761349,79.04579999967609,234.96862483311082
1770302822,470,GET,GET /download/{zip},146.900000,0.000000,4,5,5,6,8,10,12,15,19,35,35,7480,0,3,5.518856818178373,1.2063999997735664,192.45150000006106,224.0
1770302822,470,POST,POST /upload,147.100000,0.000000,46,48,48,49,50,51,53,54,59,61,61,7481,0,46,47.16152725571283,9.477000000060798,118.56970000008005,98.0
1770302822,470,,Aggregated,441.000000,0.000000,5,15,45,46,48,49,51,52,57,61,61,22451,1,5,18.85375240300939,0.8649999999761349,192.45150000006106,185.67426840675247
1770302823,475,GET,GET /,145.700000,0.000000,2,3,3,4,6,8,12,16,33,33,33,7664,1,3,3.868384237996632,0.8649999999761349,79.04579999967609,234.96933716075156
1770302823,475,GET,GET /download/{zip},145.300000,0.000000,4,5,5,6,8,10,12,14,19,35,35,7660,0,3,5.483977049605082,1.2063999997735664,192.45150000006106,224.0
1770302823,475,POST,POST /upload,145.300000,0.000000,46,48,48,49,50,51,53,54,59,61,61,7660,0,46,47.14053592689079,9.477000000060798,118.56970000008005,98.0
1770302823,475,,Aggregated,436.300000,0.000000,5,15,45,46,48,49,51,52,57,61,61,22984,1,5,18.82836173859927,0.8649999999761349,192.45150000006106,185.6650278454577
1770302824,480,GET,GET /,147.200000,0.000000,2,3,3,4,5,8,12,16,33,33,33,7822,1,3,3.857007120941247,0.8649999999761349,79.04579999967609,234.96995653285606
1770302824,480,GET,GET /download/{zip},145.900000,0.000000,4,5,5,6,8,10,13,15,21,35,35,7812,0,3,5.478373911927411,1.2063999997735664,192.45150000006106,224.0
1770302824,480,POST,POST /upload,146.100000,0.000000,46,48,48,49,50,51,53,54,59,61,61,7812,0,46,47.14275138248682,9.477000000060798,118.56970000008005,98.0
1770302824,480,,Aggregated,439.200000,0.000000,5,15,45,46,48,49,51,52,57,61,61,23446,1,5,18.81965966476019,0.8649999999761349,192.45150000006106,185.67768489294548
1770302825,485,GET,GET /,147.800000,0.000000,2,3,4,4,5,8,12,14,33,33,33,7997,1,3,3.837658784544218,0.8649999999761349,79.04579999967609,234.9706139802426
1770302825,485,GET,GET /download/{zip},147.400000,0.000000,4,5,6,6,8,10,12,15,33,35,35,7988,0,3,5.459654018524973,1.2063999997735664,192.45150000006106,224.0
1770302825,485,POST,POST /upload,147.400000,0.000000,46,48,48,49,50,51,53,54,64,69,69,7989,0,46,47.13733036675244,9.477000000060798,118.56970000008005,98.0
1770302825,485,,Aggregated,442.600000,0.000000,5,15,45,46,48,49,51,52,57,69,69,23974,1,5,18.80710794610678,0.8649999999761349,192.45150000006106,185.67172770501375
1770302826,490,GET,GET /,150.600000,0.000000,2,3,4,4,5,8,12,15,33,33,33,8152,1,3,3.816459433267809,0.8649999999761349,79.04579999967609,234.9711727183513
1770302826,490,GET,GET /download/{zip},151.300000,0.000000,4,5,5,6,8,9,12,15,33,35,35,8136,0,3,5.429070943949722,1.2063999997735664,192.45150000006106,224.0
1770302826,490,POST,POST /upload,151.300000,0.000000,46,48,48,49,50,51,53,54,64,69,69,8136,0,46,47.1244727753176,9.477000000060798,118.56970000008005,98.0
1770302826,490,,Aggregated,453.200000,0.000000,5,15,45,46,48,49,51,52,57,69,69,24424,1,5,18.78019198329345,0.8649999999761349,192.45150000006106,185.68936292171634
1770302827,495,GET,GET /,151.300000,0.000000,2,3,4,4,5,8,12,14,33,33,33,8328,1,3,3.8103568323725705,0.8649999999761349,79.04579999967609,234.97178194044187
1770302827,495,GET,GET /download/{zip},150.800000,0.000000,4,5,6,6,8,9,12,14,33,35,35,8319,0,3,5.4177046519984655,1.2063999997735664,192.45150000006106,224.0
1770302827,495,POST,POST /upload,151.100000,0.000000,46,48,48,49,50,51,53,54,64,69,69,8319,0,46,47.12537407140097,9.477000000060798,118.56970000008005,98.0
1770302827,495,,Aggregated,453.200000,0.000000,5,14,45,46,48,49,51,52,56,69,69,24966,1,5,18.779080493469518,0.8649999999761349,192.45150000006106,185.6750380517504
1770302828,500,GET,GET /,153.600000,0.000000,2,3,4,4,6,10,13,20,33,37,37,8506,1,3,3.8337146719961512,0.8649999999761349,79.04579999967609,234.97237244298142
1770302828,500,GET,GET /download/{zip},153.000000,0.000000,4,5,6,7,9,11,14,16,55,57,57,8494,0,4,5.474482964442484,1.2063999997735664,192.45150000006106,224.0
1770302828,500,POST,POST /upload,153.700000,0.000000,46,48,49,49,50,52,54,55,80,83,83,8495,0,46,47.14889896409443,9.477000000060798,118.56970000008005,98.0
1770302828,500,,Aggregated,460.300000,0.000000,5,18,45,46,48,50,51,53,64,83,83,25495,1,5,18.81309009609559,0.8649999999761349,192.45150000006106,185.67723082957443
1770302829,500,GET,GET /,155.800000,0.000000,2,3,4,4,6,9,12,17,33,37,37,8649,1,3,3.8259405942884923,0.8649999999761349,79.04579999967609,234.97282922881257
1770302829,500,GET,GET /download/{zip},154.900000,0.000000,4,5,6,7,9,11,14,19,55,57,57,8638,0,4,5.476980805739335,1.2063999997735664,192.45150000006106,224.0
1770302829,500,POST,POST /upload,155.000000,0.000000,46,48,48,49,50,52,54,56,80,83,83,8639,0,46,47.150435814328205,9.477000000060798,118.56970000008005,98.0
1770302829,500,,Aggregated,465.700000,0.000000,5,17,45,46,48,50,52,53,64,83,83,25926,1,5,18.81251775823341,0.8649999999761349,192.45150000006106,185.67515235670754
1770302830,500,GET,GET /,157.100000,0.000000,2,3,4,4,6,8,12,15,32,37,37,8817,1,3,3.809332811613859,0.8649999999761349,79.04579999967609,234.97334694340478
1770302830,500,GET,GET /download/{zip},157.300000,0.000000,4,5,6,7,9,11,14,17,55,57,57,8805,0,4,5.453289721746306,1.2063999997735664,192.45150000006106,224.0
1770302830,500,POST,POST /upload,157.400000,0.000000,46,48,48,49,50,52,54,55,80,83,83,8805,0,46,47.13628532651675,9.477000000060798,118.56970000008005,98.0
1770302830,500,,Aggregated,471.900000,0.000000,5,16,45,46,48,50,51,53,64,83,83,26427,1,5,18.792829140649943,0.8649999999761349,192.45150000006106,185.68017557800735
1770302832,500,GET,GET /,158.100000,0.000000,2,3,4,4,6,8,12,20,40,41,41,8979,1,3,3.8054220180419187,0.8649999999761349,79.04579999967609,234.97382782046998
1770302832,500,GET,GET /download/{zip},157.800000,0.000000,4,5,6,7,9,11,14,19,55,57,57,8966,0,4,5.444591858128165,1.2063999997735664,192.45150000006106,224.0
1770302832,500,POST,POST /upload,157.700000,0.000000,47,48,49,49,51,52,54,57,83,83,83,8967,0,46,47.14889959852576,9.477000000060798,118.56970000008005,98.0
1770302832,500,,Aggregated,473.600000,0.000000,5,18,45,46,48,50,52,53,80,83,83,26912,1,5,18.793448186680898,0.8649999999761349,192.45150000006106,185.67850772889417
1770302833,500,GET,GET /,161.800000,0.000000,3,3,4,4,6,8,12,20,40,41,41,9157,1,3,3.7935492300974825,0.8649999999761349,79.04579999967609,234.97433657311348
1770302833,500,GET,GET /download/{zip},161.500000,0.000000,4,5,6,7,9,11,14,19,55,57,57,9145,0,4,5.420342985235226,1.2063999997735664,192.45150000006106,224.0
1770302833,500,POST,POST /upload,161.500000,0.000000,47,48,49,49,51,52,54,57,83,83,83,9146,0,46,47.14689671987477,9.477000000060798,118.56970000008005,98.0
1770302833,500,,Aggregated,484.800000,0.000000,5,17,45,46,48,50,52,53,80,83,83,27448,1,5,18.781407909499926,0.8649999999761349,192.45150000006106,185.67647916059457
1770302834,500,GET,GET /,161.800000,0.000000,2,3,4,4,6,7,11,20,40,41,41,9313,1,3,3.780421453881631,0.8649999999761349,79.04579999967609,234.97476645549233
1770302834,500,GET,GET /download/{zip},161.500000,0.000000,4,5,6,7,9,11,14,16,55,57,57,9308,0,4,5.404705951866846,1.2063999997735664,192.45150000006106,224.0
1770302834,500,POST,POST /upload,161.500000,0.000000,47,48,49,49,51,52,54,57,83,83,83,9308,0,46,47.15022661151408,9.477000000060798,118.56970000008005,98.0
1770302834,500,,Aggregated,484.800000,0.000000,5,17,45,46,48,50,52,53,80,83,83,27929,1,5,18.77576631100109,0.8649999999761349,192.45150000006106,185.66708439256686
1770302835,500,GET,GET /,166.300000,0.000000,3,3,4,4,6,7,11,17,40,41,41,9487,1,3,3.7602917466003887,0.8649999999761349,79.04579999967609,234.97522926109414
1770302835,500,GET,GET /download/{zip},166.000000,0.000000,4,5,6,7,9,11,14,15,55,57,57,9478,0,4,5.389848892168638,1.2063999997735664,192.45150000006106,224.0
1770302835,500,POST,POST /upload,166.000000,0.000000,47,48,49,49,51,52,54,57,83,83,83,9479,0,46,47.14137398459466,9.477000000060798,118.56970000008005,98.0
1770302835,500,,Aggregated,498.300000,0.000000,5,15,45,46,48,50,52,53,80,83,83,28444,1,5,18.760088581069695,0.8649999999761349,192.45150000006106,185.6709323583181
1770302836,500,GET,GET /,164.600000,0.000000,3,3,4,4,6,7,11,17,40,41,41,9644,1,3,3.7436498963086,0.8649999999761349,79.04579999967609,234.97563251762753
1770302836,500,GET,GET /download/{zip},164.500000,0.000000,4,5,6,7,9,11,14,15,55,57,57,9638,0,4,5.368622660300799,1.2063999997735664,192.45150000006106,224.0
1770302836,500,POST,POST /upload,164.500000,0.000000,47,48,49,49,51,52,54,57,83,83,83,9639,0,46,47.132843977588124,9.477000000060798,118.56970000008005,98.0
1770302836,500,,Aggregated,493.600000,0.000000,5,17,45,46,48,50,52,53,80,83,83,28921,1,5,18.746240721273548,0.8649999999761349,192.45150000006106,185.6657446146399
1770302837,500,GET,GET /,165.600000,0.000000,2,3,4,4,5,7,10,15,40,41,41,9818,1,3,3.719854379710418,0.8649999999761349,79.04579999967609,234.97606437156244
1770302837,500,GET,GET /download/{zip},165.900000,0.000000,4,5,6,7,9,11,13,15,55,57,57,9809,0,4,5.344862789272644,1.2063999997735664,192.45150000006106,224.0
1770302837,500,POST,POST /upload,165.800000,0.000000,47,48,49,49,51,52,54,57,83,83,83,9809,0,46,47.120311102046486,9.477000000060798,118.56970000008005,98.0
1770302837,500,,Aggregated,497.300000,0.000000,5,15,45,46,48,50,52,53,80,83,83,29436,1,5,18.723753940751035,0.8649999999761349,192.45150000006106,185.67376681614348
1770302838,500,GET,GET /,164.400000,0.000000,2,3,4,4,5,6,7,9,40,41,41,9974,1,3,3.7057975235606957,0.8649999999761349,79.04579999967609,234.97643874072588
1770302838,500,GET,GET /download/{zip},164.600000,0.000000,4,5,6,6,8,10,12,14,36,36,36,9966,0,4,5.344797200479253,1.2063999997735664,192.45150000006106,224.0
1770302838,500,POST,POST /upload,163.900000,0.000000,46,48,49,49,50,52,53,54,82,83,83,9967,0,46,47.11215579411819,9.477000000060798,118.56970000008005,98.0
1770302838,500,,Aggregated,492.900000,0.000000,5,13,45,46,48,50,52,53,58,83,83,29907,1,5,18.717849673987633,0.8649999999761349,192.45150000006106,185.6690741298024
1770302839,500,GET,GET /,165.800000,0.000000,2,3,3,4,5,6,7,8,40,41,41,10161,1,3,3.6819061903348858,0.8649999999761349,79.04579999967609,234.97687235508317
1770302839,500,GET,GET /download/{zip},167.000000,0.000000,4,5,6,6,8,9,11,12,36,36,36,10145,0,4,5.319443637257136,1.2063999997735664,192.45150000006106,224.0
1770302839,500,POST,POST /upload,167.000000,0.000000,46,47,48,49,50,52,53,54,82,83,83,10149,0,46,47.09754642821734,9.477000000060798,118.56970000008005,98.0
1770302839,500,,Aggregated,499.800000,0.000000,5,12,45,46,48,49,51,52,58,83,83,30455,1,5,18.69547211295178,0.8649999999761349,192.45150000006106,185.67335412904285
1770302840,500,GET,GET /,164.200000,0.000000,2,3,3,4,5,6,7,8,40,41,41,10313,1,3,3.6690205662752953,0.8649999999761349,79.04579999967609,234.9772132260254
1770302840,500,GET,GET /download/{zip},164.300000,0.000000,4,5,6,6,8,9,11,12,36,36,36,10301,0,4,5.303964401512115,1.2063999997735664,192.45150000006106,224.0
1770302840,500,POST,POST /upload,164.200000,0.000000,46,47,48,49,50,52,53,54,82,83,83,10301,0,46,47.08814901465658,9.477000000060798,118.56970000008005,98.0
1770302840,500,,Aggregated,492.600000,0.000000,5,12,45,46,48,50,51,52,58,83,83,30915,1,5,18.681215248259875,0.8649999999761349,192.45150000006106,185.6782144590005
1770302841,500,GET,GET /,164.700000,0.000000,2,3,3,4,5,6,7,8,11,12,12,10498,1,3,3.6500404172226757,0.8649999999761349,79.04579999967609,234.97761478376833
1770302841,500,GET,GET /download/{zip},164.200000,0.000000,4,5,5,6,7,9,11,13,36,36,36,10489,0,4,5.286670102009477,1.2063999997735664,192.45150000006106,224.0
1770302841,500,POST,POST /upload,164.100000,0.000000,46,47,48,49,50,51,52,53,54,55,55,10489,0,46,47.076098121839856,9.477000000060798,118.56970000008005,98.0
1770302841,500,,Aggregated,493.000000,0.000000,5,12,45,46,48,49,51,52,54,55,55,31476,1,5,18.666641256829426,0.8649999999761349,192.45150000006106,185.6733066463337
1770302842,500,GET,GET /,166.000000,0.000000,2,3,3,4,5,5,7,8,15,18,18,10661,1,3,3.6414860144455714,0.8649999999761349,79.04579999967609,234.97795703967734
1770302842,500,GET,GET /download/{zip},166.300000,0.000000,4,5,5,6,7,9,11,13,36,36,36,10651,0,4,5.268422899256119,1.2063999997735664,192.45150000006106,224.0
1770302842,500,POST,POST /upload,166.200000,0.000000,46,47,48,49,50,51,52,53,55,56,56,10654,0,46,47.07354288529964,9.477000000060798,118.56970000008005,98.0
1770302842,500,,Aggregated,498.500000,0.000000,5,12,45,46,48,49,51,52,54,56,56,31966,1,5,18.659118457109653,0.8649999999761349,192.45150000006106,185.66652067822062
1770302843,500,GET,GET /,167.300000,0.000000,2,3,3,3,5,5,7,9,15,18,18,10824,1,3,3.6247704268296097,0.8649999999761349,79.04579999967609,234.97828898743532
1770302843,500,GET,GET /download/{zip},168.100000,0.000000,4,5,5,6,7,9,11,13,36,36,36,10817,0,4,5.25256646019922,1.2063999997735664,192.45150000006106,224.0
1770302843,500,POST,POST /upload,168.100000,0.000000,46,47,48,49,50,51,52,53,55,56,56,10817,0,46,47.065027040767674,9.477000000060798,118.56970000008005,98.0
1770302843,500,,Aggregated,503.500000,0.000000,4,12,45,46,48,49,51,52,54,56,56,32458,1,5,18.64421480066446,0.8649999999761349,192.45150000006106,185.67006593135744
1770302844,500,GET,GET /,167.600000,0.000000,2,3,3,4,5,6,7,9,33,34,34,10985,1,3,3.622385161584533,0.8649999999761349,79.04579999967609,234.97860719162495
1770302844,500,GET,GET /download/{zip},168.000000,0.000000,4,5,6,6,7,9,12,14,36,36,36,10978,0,4,5.256388540715663,1.2063999997735664,192.45150000006106,224.0
1770302844,500,POST,POST /upload,168.100000,0.000000,46,47,48,49,50,51,52,53,63,64,64,10978,0,46,47.07052781927362,9.477000000060798,118.56970000008005,98.0
1770302844,500,,Aggregated,503.700000,0.000000,5,12,45,46,48,49,51,52,56,64,64,32941,1,5,18.64657383807332,0.8649999999761349,192.45150000006106,185.6700160893719
1770302845,500,GET,GET /,166.100000,0.000000,2,3,3,4,5,6,8,9,33,34,34,11150,1,3,3.610590618834319,0.8649999999761349,79.04579999967609,234.97892376681614
1770302845,500,GET,GET /download/{zip},166.300000,0.000000,4,5,6,6,8,10,12,14,36,36,36,11133,0,4,5.249555286084048,1.2063999997735664,192.45150000006106,224.0
1770302845,500,POST,POST /upload,166.300000,0.000000,46,47,48,49,50,51,52,53,63,64,64,11137,0,46,47.066920481277315,9.477000000060798,118.56970000008005,98.0
1770302845,500,,Aggregated,498.700000,0.000000,5,12,45,46,48,49,51,52,56,64,64,33420,1,5,18.638111244762637,0.8649999999761349,192.45150000006106,185.674236983842
